{
  "author": "BuildFire",
  "pluginName": "Default Template",
  "pluginDescription": "Bare bones plugin showing simple autonomy of a plugin",
  "supportEmail": "devSupport@buildfire.com",
  "control": {
    "content": {
      "enabled": true
    },
    "design": {
      "enabled": false
    },
    "settings": {
      "enabled": false
    },
    "customTabs": [
      {
        "title": "Introduction",
        "url": "introduction/index.html"
      },
      {
        "title": "Tests",
        "url": "tests/index.html"
      },
      {
        "title": "Language",
        "url": "/strings/index.html"
      }
    ]
  },
  "widget": {},
  "webpack": "8080",
  "features": [],
  "languages": [
    "en"
  ]
}